Hotel_ID,Hotel_Name,Address,State,Phone,Fax,Email,Website,Type,Rooms
1,The Oberoi Cecil,"""Ambedkar ChowkChaura Maidan, Shimla - 171004, HIMACHAL PRADESH""",HIMACHAL PRADESH,0177-2804848 ,0177-2811024,reservations@oberoigroup.com,www.oberoihotels.com,Heritage Grand,75
2,The Lalit Grand Palace,"""Gupkar Road, Srinagar, JAMMU AND KASHMIR""",JAMMU AND KASHMIR,1942501001,1942501003,srinagar@thelalit.com,,Heritage Grand,112
3,Hotel Fateh Prakash Palace,"""The City Palace Complex, Udaipur - 313001, RAJASTHAN""",RAJASTHAN,0294-2528016-9,0294-2528006,mgrfpp@udaipur.hrhindia.com,www.hrhindia.com,Heritage Grand,30
4,Shiv Niwas Palace,"""The City Palace ComplexUdaipur, Udaipur, RAJASTHAN""",RAJASTHAN,2942528016,2942528006,maltidutta50@yahoo.com,,Heritage Grand,36
5,Savoy Hotel ,"""77, Sylks Road, Ootacamund, TAMIL NADU""",TAMIL NADU,423244142,423443318,savoy.ooty@tajhotels.com,,Heritage Grand,40
6,Raheem Residency,"""20/1100Beach Road, Alleppey West - 688 012, KERALA""",KERALA,0477-2230767,0477-2239767,contact@raheemresidency.com,www.raheemresidency.com,Heritage Classic,10
7,Noor Us Sabah Palace,"""V.I.P.RoadKoh-E-Fiza, Bhopal - 462001, MADHYA PRADESH""",MADHYA PRADESH,0755-4223333/4239996,0755-4227777,contact@noorussabahpalace.com/reservations@nusp.in,www.noorussabahpalace.com,Heritage Classic,57
8,The Panjim Inn ,"""31-ST JANUARY ROAD, FONTAINHAS, PANAJI, Panaji , GOA""",GOA,4564277301,4565273111,visalam@cghearth.com,www.cghearth.com,Heritage Basic,15
9,Balaram Palace Resort,"""Chitrassani Village,off Abu Palanpur Highway No.14 Banaskantha, BANASKANTHA, GUJARAT""",GUJARAT,"07926575286, 2657638",7926578412,balarampalaceresort@gmail.com,,Heritage Basic,22
10,Nilambag Palace Hotel,"""Bhavnagar, Bhavnagar, GUJARAT""",GUJARAT,"02782424241, 2429323",2782428072,reservation@nilambagpalace.com,,Heritage Basic,28
11,The Fort Ramgarh,"""Ramgarh, Panchkula On NH - 73 Delhi Shimla Highway, Near Chandigarh, Panchkula Distt., HARYANA""",HARYANA,"01733253072-75, 9814",,thefortramgarh@gmail.com,,Heritage Basic,12
12,The Judges Court,"""Heritage VillageParagpur, Distt. - Kangra - 177107, HIMACHAL PRADESH""",HIMACHAL PRADESH,01970-245035/245335,01970-245823,eries@vsnl.com/info@judgescourt.com,www.judgescourt.com,Heritage Basic,10
13,The Palace,"""Chail, Solan,HIMACHAL PRADESH""",HIMACHAL PRADESH,1772652704,1772652206,maltidutta50@yahoo.com,,Heritage Basic,31
14,The Castle Naggar,"""Naggar, Distt. Kullu - 175130, HIMACHAL PRADESH""",HIMACHAL PRADESH,1902248316,1902223429,castle@hptddc.in/kullu@hptdc.in,wwwhptdc.nic.in,Heritage Basic,17
15,Hotel Cherthala House,"""Court JunctionEast of P.M.C. - 5, cherthala - 688 524, KERALA""",KERALA,0475-2223688,,housecherthala@hotmail.com,,Heritage Basic,5
16,Heritaga Methanam,"""K P XI / 298Near Perumpadappu, Kumbalanghi Bridge, Kumbalanghi P.O., Kochi - 682 007, KERALA""",KERALA,4842248284,4842248284,heritagemethanam@gmail.com/info@heritagemethanam.com,www.heritagemethanam.com,Heritage Basic,7
17,Old Lighthouse Bristow Hotel ,"""Beach Road Next to SBI Training Center Fort Kochi , Cochin , KERALA""",KERALA,4843050102,,reservations@oldlighthousehotel.com,,Heritage Basic,11
18,Hotel Le Colonial ,"""1/215, Church Road, Vasco-da-Gama Square, Fort Cochin , KERALA""",KERALA,4842217181,4842217184,lecolonial@dataone.in,,Heritage Basic,8
19,Kunnathur Mana Ayurveda Heritage,"""Door No.VIII/666 Punnayurkulam P.O. Thrissur Dist, Kerala, KERALA""",KERALA,"0487 2547552, 254755",4872547554,mail@kmaheritage.com,,Heritage Basic,7
20,Old Harbour Hotel,"""No-1/328, Tower Road, Fort Kochi , Kochi , KERALA""",KERALA,4842218006,,raintree@fortcochin.com,,Heritage Basic,13
21,Coconut Lagoon,"""P.O. Box No. 2Kumarakom, Kottayam - 686563, KERALA""",KERALA,0481-2524491-2524373,0481-2524495,coconutlagoon@cghearth.com,www.cghearth.com,Heritage Basic,36
22,Beach Hotel,"""(Beach Heritage Inn (P) Ltd.)Beach Road, Kozhikode - 673032, KERALA""",KERALA,0495-2762055-57,0495-2365363,info@beachheritage.com,www.beachheritage.com,Heritage Basic,6
23,Palakkad Heritage Hotels,"""Koduvayur P.O.Palakkad, Dist., KERALA """,KERALA,4923252143,4923252144,info@palakkadheritagehotel.com,www.palakkadheritagehotel.com,Heritage Basic,5
24,Somatheeram Ayurvedic Beach Resort (P) Ltd.,"""P.O. ChowaraVia Balaramapuram, Thiruvananthapuram - 695501, KERALA""",KERALA,0471-2268101,0471-2267600,mail@somatheeram.in,www.somatheeram.in,Heritage Basic,42
25,The Hillway Heritage,"""Opp. Police Station, State Highway - 1Kilimanoor P.O., Thiruvananthapuram - 695601, KERALA""",KERALA,4702673555,,mail@hillwayhotels.com,www.hillwayhotels.com,Heritage Basic,6
26,Ahilya Fort ,"""Ahilya Fort, Maheshwar, W Nimar , Bhopal , MADHYA PRADESH""",MADHYA PRADESH,7283273329,,info@ahilyafort.com,www.ahilyafort.com,Heritage Basic,15
27,Hotel Rock End Manor ,"""Pachmarhi Distt. ,HOSHANGABAD , MADHYA PRADESH""",MADHYA PRADESH,7552774340,7552779476,info@mptourism.com,www.mptourism.com,Heritage Basic,6
28,Satpura Retreat,"""Pachmarhi, Dist. Hosangabad, MADHYA PRADESH""",MADHYA PRADESH,07578-252097,,satpura@mptourism.com,www.mptourism.com,Heritage Basic,6
29,Hotel Sheesh Mahal ,"""MPSTDC, Orchha, Tikamgarh Dist. , MADHYA PRADESH""",MADHYA PRADESH,7552774340,7552779476,info@mptourism.com,www.mptourism.com,Heritage Basic,8
30,Jehan Numa Palace Hotel ,"""157, SHAMLA HILL(M.P) , Bhopal , MADHYA PRADESH""",MADHYA PRADESH,755661100,755661720,,www.hoteljehanumapalace.com,Heritage Basic,98
31,LE DUPLEIX ,"""(unit of auberge Heritage Hotels) 5, CASERNE STREET , Pondicherry, PONDICHERRY""",PONDICHERRY,4132666001,4132334258,gmldp@sarovarhotels.com,,Heritage Basic,21
32,Calve,"""A Heritage HotelOld No. 36, New No. 44, Vysial Street, Puducherry - 605 001, PUDUCHERRY""",,0413-2224103-2223738,413-2222613,whclve@gmail.com/calve@vsnl.net,www.calve.in,Heritage Basic,11
33,"Welcome Heritage, Khimsar Fort","""Khimsar, RAJASTHAN """,RAJASTHAN ,1585262345,1585262228,reservation@khimsar.com,,Heritage Basic,67
34,The Bagh ,"""Agra Achnara Road Pucca Bagh Bharatpur, Bharatpur, RAJASTHAN """,RAJASTHAN ,1733253072,1733253072,contact@thefortramgarh.com,,Heritage Basic,29
35,Gajner Palace,"""P.O. GajnerTehsil : Kolayat, Bikaner - 334001, RAJASTHAN""",RAJASTHAN,01534-275061-9,01534-275060,egmnr@gajner.hrhindia.com,www.hrhindia.com,Heritage Basic,45
36,The Laxmi Niwas Palace ,"""(A Unit of Golden Triangle Fort and Palace Pvt. Ltd.) Dr. Karni Singhji Road ,Bikaner ,RAJASTHAN""",RAJASTHAN,8322226523,8322435220,panjimin@bsnl.in,,Heritage Basic,24
37,Chomu Palace,"""Near Main ChomuBus Stand, Chomu - 303702, RAJASTHAN""",RAJASTHAN ,01423-300400,01423-300400,gm@chomupalacehotel.com/info@chomupalacehotel.com,www.chomupalacehotel.com,Heritage Basic,58
38,Bissau Palace ,"""Outside Chandpole Gate , Jaipur, RAJASTHAN""",RAJASTHAN ,1412304371,1412304628,bissau@sancharnet.in,www.bissaupalace.com,Heritage Basic,50
39,Deogarh Resorts,"""Deogarh MahalP.O. Deogarh Madariya, Distt. Rajsamand - 313331, RAJASTHAN""",RAJASTHAN ,02904-252777,02904-252555,deogarh@datainfosys.net,www.deogarhmahal.com,Heritage Basic,45
40,Shikarbadi Hotel,"""Goverdhan Vilas, Udaipur - 313001, RAJASTHAN""",RAJASTHAN ,0294-2583200/04,0294-2584841,shikarbadi@hrhhotels.com,www.hrhhotels.com,Heritage Basic,25
41,Welcom Heritage - Koolwal Kothi,"""House No. 40,Near Government Hospital RoadNawal Garh District, Jhunjhunu, RAJASTHAN""",RAJASTHAN ,01594-225817,01594-225818,indralokhotels@hotmail.com/holidays@welcomheritagehotels.com,www.welcomheritagehotels.com,Heritage Basic,10
42,Ajit Bhawan,"""Near Circuit House, Jodhpur - 342 006, RAJASTHAN""",RAJASTHAN ,"0291-2513333, 251141",0291-2510674,reservations@ajitbhawan.com,www.ajitbhawan.com,Heritage Basic,70
43,Hotel Samode Palace,"""Village Samode, Dist. Jaipur - 303806, RAJASTHAN""",RAJASTHAN,01423-240014,01423-240023,reservations@samode.com,www.samode.com,Heritage Basic,43
44,Raj Niwas Palace,"""National Highway-3, Dholpur - 328 001, RAJASTHAN""",RAJASTHAN,05642-220216,05642-224888,info@dholpurpalace.com,www.dholpurpalace.com,Heritage Basic,20
45,Hotel Castle Mandawa Pvt.Ltd.,"""MandawaJhunjhunu District, Shekhawati - 333704, RAJASTHAN""",RAJASTHAN,0141-2371194/2374112,0141-2372084,reservation@castlemandawa.com/castle@datainfosys.net,www.castlemandawa.com,Heritage Basic,70
46,Rohet Garh,"""Village P.O RohetDistt. Pali, Rajasthan, RAJASTHAN""",RAJASTHAN,2936268231,2912649368,rohethouse@dataone.in,,Heritage Basic,34
47,Lake Pichola Hotel,"""Piplia Haveli, Out Side ChandpoleUdaipur, Rajasthan, Udaipur, RAJASTHAN""",RAJASTHAN,2942431197,9242430575,maltidutta50@yahoo.com,,Heritage Basic,32
48,The Ramgarh Lodge,"""Ramgarh LakeJamwa Ramgarh, Jaipur - 303109, RAJASTHAN""",RAJASTHAN,01426-214027/214097,01426-252079,ramgarh.jaipur@tajhotels.com,,Heritage Basic,14
49,Hotel Indra Villas ,"""A unit of Desert Heritage Resorts Pvt. Ltd. Ward No.2, Village Alsisar , JHUNJHUNU , RAJASTHAN""",RAJASTHAN,1595275567,1595275567,info@indravilasalsisar.com,,Heritage Basic,43
50,Singhasan Haveli,"""Goenka Chowk, Mandawa,Dist., JHUNJHUNU, RAJASTHAN""",RAJASTHAN,1126124069,1126124073,info@singhasanhaveli.com,,Heritage Basic,26
51,Fort Khejarla,"""(Aunit of Bhandari Heritage Pvt. Ltd.)Village Khejarla, Via Bilara, Distt. Jodhpur - 342601, RAJASTHAN""",RAJASTHAN,02930-258485 - 25848,02930-258485,khejarlafort@gmail.com,www.jodhpurforkhejarla.com,Heritage Basic,38
52,Sardargarh Heritage Hotel ,"""Sardargarh Fort, Village-Lawa Sardargarh Sardargarh, Dist:-Rajsamand , Rajsamand , RAJASTHAN""",RAJASTHAN,1592223137,1592223137,hotelmandawa@yahoo.co.in,,Heritage Basic,24
53,The Sawai Madhopur Lodge,"""Ranthambore National Park Road, Sawai Madhopur - 302 005, RAJASTHAN""",RAJASTHAN,07462-220541,07462-220718,vivanta.sawaimadhopur@tajhotels.com,,Heritage Basic,36
54,Karni Bhawan Palace ,"""Gandhi Colony Bikaner ,Bikaner ,RAJASTHAN""",RAJASTHAN,1512524701,1512522408,karnihotels@satam.net.in,,Heritage Basic,12
55,Norkhill Hotel ,"""Stadium Road, Gangtok , SIKKIM""",SIKKIM,3592205637,3592205639,norkhill@elginhotels.com,www.elginhotels.com,Heritage Basic,25
56,Visalam,"""7/1/143 LOCAL FUND ROAD, KANADUKATHAN KARAIKUDI, TAMIL NADU, KARAIKUDI, TAMIL NADU""",TAMIL NADU,"04565277301, 2",4565273111,visalam@cghearth.com,,Heritage Basic,15
57,Hotel Fairhavens Holiday Home,"""Adacent to Head Post Office Mallital, Nainital, UTTARAKHAND""",UTTARAKHAND,5942236057,5942236604,fairhavens@rediffmail.com,,Heritage Basic,30
58,The Naini Retreat,"""Ayarapatta Sloppes, Nainital - 263001, UTTARAKHAND""",UTTARAKHAND,05942-235105,05942-235103,info@leisurehotels.co.in/bookings@leisurehotels.in,,Heritage Basic,32
59,The Elgin Hotel,"""18, H.D. Lama Road, P.O. Darjeeling, WEST BENGAL""",WEST BENGAL,3542257226,3542254267,reservation@elginhotels.com,,Heritage Basic,20
60,Taj Falaknuma Palace ,"""Engine Bowli, Falaknuma , Hyderabad, ANDHRA PRADESH""",ANDHRA PRADESH,4066298585,4066298586,falaknuma.hyderabad@tajhotels.com,,5 Star Deluxe,60
61,ITC HOTEL KAKATIYA,"""6-3-1187,BEGUMPETnull, Hyderabad, ANDHRA PRADESH""",ANDHRA PRADESH,402340032,4023401045,itckakatiya@itchotel.in,,5 Star Deluxe,188
62,Eros Hotel Managed by Hilton,"""S-1American Plaza, International Trade Tower, Nehru Place, New Delhi - 110 019, DELHI""",DELHI,011-41223344,011-26224288,nehruplace.reservations@hilton.com,www3.hilton.com,5 Star Deluxe,216
63,The Ashok,"""50-BChanakyapuri, New Delhi - 110021, DELHI""",DELHI,011-26110101,011-26873216,ashoknd@ndb.vsnl.net.in,www.theashok.com,5 Star Deluxe,550
64,Hotel Imperial,"""Janpath, New Delhi - 110001, DELHI""",DELHI,011-23341234,011-23342255,luxury@theimperialindia.com,www.theimperialindia.com,5 Star Deluxe,233
65,Hyatt Regency Delhi,"""Bhikaji Cama Place, New Delhi - 110066, DELHI""",DELHI,011-26791234,011-26791017,delhi.regency@hyatt.com,,5 Star Deluxe,508
66,ITC-The Maurya,"""ITC LimitedDiplomatic Enclave, New Delhi - 110021, DELHI""",DELHI,011-26112233,011-26113333,reservations.itcmaurya@itchotels.in,,5 Star Deluxe,440
67,Le Meridien Hotel,"""8, Windsor Place Janpath, New Delhinull, New Delhi, DELHI""",DELHI,1123710101,1123714545,info@lemeridien-newdelhi.com,,5 Star Deluxe,358
68,Taj Palace Hotel ,"""Sardar Patel Marg , New Delhi ,DELHI""",DELHI,1126110202,1126110808,palace.delhi@tajhotels.com,,5 Star Deluxe,409
69,The Lalit,"""Barakhamba AvenueConnaught Place,New Delhi - 110001, DELHI""",DELHI,011-44447777,011-44441234,newdelhi@thelalit.com,,5 Star Deluxe,457
70,The Oberoi -  New Delhi,"""Dr. Zakir Hussain Marg, New Delhi - 110003,DELHI""",DELHI,011-24363030,011-24360484,reservations@oberoigroup.com,,5 Star Deluxe,283
71,"Aman, New Delhi","""Lodhi Road, New Delhi - 110003, DELHI""",DELHI,1143633333,1143633335,amannewdelhi@amanresorts.com,,5 Star Deluxe,68
72,The Hotel Leela Palace Kempinski,"""Diplomatic Enclave, New Delhi - 110023,DELHI, National Highway No. 8, New Delhi-110037, DELHI""",DELHI,"011-39331234, 1126779090",011-39331235,reservations.newdelhi@theleela.com,,5 Star Deluxe,260
73,Riviera De Goa Resort,"""Shimer VaddoXimer, Arpora - 403 518, GOA""",GOA,0832-6655666,0832-2277503,mail@rivieradegoaresorts.com,,5 Star Deluxe,104
74,Vivanta by Taj - Panaji,"""Off. D.B. Bandodkar RoadSt. Inez, Panaji - 403001, GOA""",GOA,0832-6633636,0832-6633600,vivanta.panaji@tajhotels.com,,5 Star Deluxe,172
75,Vivanta by Taj - Holiday,"""(Earlier known as The Taj Holiday Village)Dando, Candolim, Bardez - 403 515, GOA""",GOA,0832-6645858,0832-6645502,vivanta.holidayvillage@tajhotels.com,www.vivantabytaj.com,5 Star Deluxe,142
76,Bell Tower Resorts Pvt.Ltd. ,"""Bell Tower Resorts Pvt.Ltd. (Retreat by Zuri) Pedda, Uttor Doxi, Varca Salcatte-Goa-403721 , Salcete , GOA""",GOA,8322772996,8322772996,,,5 Star Deluxe,106
77,Hotel Ramada Caravela Beach Resort,"""Varca Beach, Salcete - 403721, GOA""",GOA,0832-6695000,0832-6695699,caravela.gr@advanihotels.com/reservations.gr@advanihotels.com,www.caravelabeachresort.com,5 Star Deluxe,200
78,Vivanta By Taj- Fort Aguada,"""Sinquerim, Bardez - 403519, GOA """,GOA,0832-6645858,0832-6645868,vivanta.fortaguada@tajhotels.com,www.vivantabytaj.com,5 Star Deluxe,145
79,Th Lalit Golf & Spa Resort Goa,"""(Bharat Hotels Ltd.)Raj Baga,Canacona, GOA""",GOA,8322667777,8322667711,goaresv@thelalit.com,,5 Star Deluxe,225
80,Resort Rio,"""Resort Rio, Tambudki,Arpora, Bardez, GOA""",GOA,8322267300,8322267301,gm@resortrio.com,,5 Star Deluxe,82
81,Hotel Cidade de Goa,"""(Unit of Fomento Resorts & Hotels Ltd.), Vainguinim Beach - 403004, GOA""",GOA,8322454545,08322454541/42,cidadedegoa@cidadedegoa.com,www.cidadedegoa.com,5 Star Deluxe,205
82,Majorda Beach Resort,"""MajordaSalcette, Goa - 403713, GOA""",GOA,0832-288111/6681111,0832-2881121/2881124,acc@majordabeachresortgoa.com,www.majordabeachresort.com,5 Star Deluxe,120
83,"The Leela Kempinski, Goa","""MoborCavelossim, Salcette - 403731, GOA""",GOA,8326621234,8322871352,reservations.goa@theleela.com,www.theleela.com,5 Star Deluxe,186
84,Hotel Trident - Gurgaon,"""Plot No. 443, Udyog ViharPhase - V, Gurgaon - 122016, HARYANA""",HARYANA,0124-2450505,0124-2450606,reservations@tridenthotels.com,,5 Star Deluxe,136
85,The Leela Kempinski -  Gurgaon,"""(Ambience Hotels & Resorts Ltd.) Village Nathupur, N.H.-8 Gurgaon, Gurgaon, HARYANA""",HARYANA,1244771234,1244771235,reservations.gurgaon-delhi@theleela.com,,5 Star Deluxe,412
86,The Bristol Hotel,"""Adjacent to DLFQutab Enclave Phase - 1, Gurgaon - 122002, HARYANA""",HARYANA,0124-2356030,0124-2357834,contact@thebristolhotel.com,www.thebristolhotel.com,5 Star Deluxe,84
87,Wildflower Hall,"""(Mashobara Resort Limited, A Unit of EIH Limited)Chharabra, Shimla - 171 012, HIMACHAL PRADESH""",HIMACHAL PRADESH,0177-2648585,0177-2648686,reservations@oberoigroup.com,www.oberoihotels.com,5 Star Deluxe,85
88,Vivanta by Taj -  Whitefield,"""ITBP Whitefield, Bangalore - 560066, KARNATAKA""",KARNATAKA,080-66933333,080-66933344,vivanta.whitefield@tajhotels.com,,5 Star Deluxe,199
89,Hotel Golden Palms Hotel & Spa,"""NO-31 & 32 GOLDEN PALMS AVENUE OFF TUMKUR ROAD BANGALORE,  KARNATAKA""",KARNATAKA,8023712222,8023710022,info@goldenpalmshotel.com,,5 Star Deluxe,170
90,ITC Hotel Windsor & Towers ,"""WINDSOR SQUARE, 25 GOLF COURES ROAD, Bangalore , KARNATAKA""",KARNATAKA,802269898,802264941,www.welcomgroup.com,,5 Star Deluxe,240
91,The Taj West End,"""Race Course Road Bangalore, KARNATAKA""",KARNATAKA,8066605660,8066605700,westend.bengalore@tajhotels.com,,5 Star Deluxe,117
92,Sheraton Banglore at Brigade Gateway,"""26/1, Rajajinagar ExtensionDr. Rajkumar Road, Malleswaram West, Bangalore, KARNATAKA""",KARNATAKA,9.18041E+11,9.18022E+11,diwaker.tyagi@shraton.com,www.brigadegroup.com,5 Star Deluxe,230
93,The Oberoi Bangalore,"""39 Mahatma Gandhi RoadBanglore-560001, Bangalore, KARNATAKA""",KARNATAKA,9.18026E+11,9.18026E+11,reservations@oberoiblr.com,,5 Star Deluxe,160
94,Vivanta by Taj -  Bangalore,"""41/3M.G. Road, Bangalore - 560001, KARNATAKA""",KARNATAKA,0806660 4444,0806661 4444,vivanta.mgroad@tajhotels.com,www.vivantabytaj.com,5 Star Deluxe,167
95,Park Plaza,"""NO. 5 Defence Colony,1st main, Indirangar, KARNATAKA""",KARNATAKA,42197330,8042452346,sonusarmag@gmail.com,,5 Star Deluxe,218
96,Dream Hotel Cochin,"""37/985, C&D, Sahodaran Ayyappan Road Elamkulam Jnction, Kadavanthara cochin-682020, Cochin, KERALA""",KERALA,4844129999,4844129898,reservations@dreamcochin.com,,5 Star Deluxe,150
97,Vivanta by Taj - Bekal ,"""A Unit of Khanna Hotels PVt. LTd. BRDC Site No. 5, Kappil Beach P.O. Udma West Kasaragod - 671319, Kasaragod , KERALA""",KERALA,4672265656,4672265655,tkhanna99@gmail.com,,5 Star Deluxe,73
98,The Lalit Resorts & Spa Bekal,"""Bevoori, Udma, Taluka: Hosedurgh Distt: Kasargod Kerala, Kasaragod , KERALA""",KERALA,4672237777,4672237575,resvbekal@thelalit.com,,5 Star Deluxe,39
99,Vivanta By Taj - Kovalam,"""(Formerly known as Taj Green Cove Kovalam)G V Raja Vattappara Road, Kovalam, Thiruvananthapuram - 695 527, KERALA""",KERALA,0471-6613000,0471-2487744,Vivanta.kovalam@tajhotels.com,www.vivantabytaj.com,5 Star Deluxe,59
100,Vivanta by - Taj Malabar ,"""Willingdon Island , Cochin , KERALA""",KERALA,4846643000,4846643182,malabar.cochin@tajhotels.com,,5 Star Deluxe,96
101,The Raviz Kollam,"""Kollam Royal Park Hotel And Resorts P LtdMathilil, Kollam, KERALA""",KERALA,4742751111,4742741111,info@theraviz.com,www.theraviz.com,5 Star Deluxe,93
102,Kovalam Resort Private Limited,"""The Leela Kovalam,Kerala, Thiruvananthapuram, KERALA""",KERALA,4713051234,4712481043,reservations.kovalam@theleela.com,,5 Star Deluxe,127
103,The Grand Temple View ,"""Opp. Circuit House , Khajuraho , MADHYA PRADESH""",MADHYA PRADESH,786272333,786272123,khajraho@thegrandhotels.net,,5 Star Deluxe,47
104,Hotel Chandela,"""Airport RoadDist. Chhatarpur, Khajuraho - 471606, MADHYA PRADESH""",MADHYA PRADESH,"07686-272355, 272364","07686-272365, 272366",chandela.khajuraho@tajhotels.com,,5 Star Deluxe,90
105,Chalet Hotel,"""Plot no.39/1 6 to 15 Sector 30 AVashi Navi Mumbai, Mumbai, MAHARASHTRA""",MAHARASHTRA,2227817777,2227817979,reservations@fourpointsvashi.com,,5 Star Deluxe,118
106,Four Seasons Hotel,"""(Unit of Mogus Estates & Hotels Ltd.) Plot NO.114,Dr.E.Moses Road Worli, Mumbai, MAHARASHTRA""",MAHARASHTRA,2266627770,2266627437,reservations.mumbai@fourseasons.com,,5 Star Deluxe,202
107,HOTEL SAHARA STAR ,"""DOMESTIC AIRPORT, VILE PARLE (E), MUMBAI , MAHARASHTRA""",MAHARASHTRA,2239895000,2239895001,www.saharastar.com,,5 Star Deluxe,210
108,Hyatt Regency Mumbai,"""Sahar Airport RoadAndheri (East), Mumbai - 400 099, MAHARASHTRA""",MAHARASHTRA,022-66961234,022-66961235,mumbai.regency@hyatt.com,www.mumbai.regency.hyatt.com,5 Star Deluxe,401
109,Le Royal Meridien ,"""SAHAR AIRPORT ROAD ANDHERI (E) , Mumbai , MAHARASHTRA""",MAHARASHTRA,2228380000,2228204399,lmmumbai@vsnl.com,,5 Star Deluxe,171
110,Sun-n-Sand Hotels Pvt. Ltd.,"""39Juhu Beach, Mumbai - 400 049, MAHARASHTRA""",MAHARASHTRA,022-26201811-6693888,022-26202170,reservations@sunnsandhotel.com,www.sunnsandhotel.com,5 Star Deluxe,120
111,The Taj Mahal Palace & Tower ,"""Apollo Bunder , Mumbai , MAHARASHTRA""",MAHARASHTRA,2266653366,2266650300,tmhbc.bom@tajhotels.com,www.tajhotels.com,5 Star Deluxe,565
112,Hotel Le Meridien,"""R.B.M. Road, Pune - 411001, MAHARASHTRA""",MAHARASHTRA,2026050505,2026050506,lmpune@lemeridien-pune.com,www.lemeridien-pune.com,5 Star Deluxe,117
113,Hotel ITC Grand Central,"""287, Babasaheb Ambedkar RoadParel,Mumbai-400012, MAHARASHTRA""",MAHARASHTRA,2224101010,2224101111,itcgrandcentral@itchotels.in,,5 Star Deluxe,242
114,The Leela Kempinski,"""Sahar, Mumbai - 400 059, MAHARASHTRA""",MAHARASHTRA,022-66911234,022-66911212,reservations.mumbai@theleela.com,www.theleela.com,5 Star Deluxe,393
115,"The Oberoi, Mumbai","""Nariman Point, Mumbai - 400021, MAHARASHTRA""",MAHARASHTRA,022-66325757-6632434,022-66324142,reservations@oberoigroup.com,www.oberoihotels.com,5 Star Deluxe,287
116,The Westin Mumbai Garden City ,"""Oberoi Garden City, International Business Park, Off Western Express Highway, Goregaon (East) , Mumbai , MAHARASHTRA""",MAHARASHTRA,2261470000,2261470101,mumbaigardencity@westin.com,,5 Star Deluxe,269
117,"Fariyas Resort, Lonavla","""Frichley HillsTungarli, Lonavla - 410401, MAHARASHTRA""",MAHARASHTRA,02114-273852-55,02114-272080,fhrl@fariyas.com,www.fariyas.com,5 Star Deluxe,105
118,"Trident, Nariman Point","""Nariman Point, Mumbai - 400 021, MAHARASHTRA""",MAHARASHTRA,022-66324343,022-66325000,reservations@tridenthotels.com,www.tridenthotels.com,5 Star Deluxe,550
119,Taj Lands End,"""B.J. RoadBand Stand, Bandra (West), Mumbai - 400050, MAHARASHTRA""",MAHARASHTRA,022-66681234,022-66680957 - 66994,landsend.mumbai@tajhotels.com,www.tajhotels.com,5 Star Deluxe,493
120,Trident -  Bhubaneswar ,"""CB - 1 Nayapalli, Bhubaneshwar , ORISSA""",ORISSA,6742301010,6742301302,reservations@tridenthotels.com,,5 Star Deluxe,62
121,Hotel Mayfair Lagoon,"""8-BJaydev Vihar, Bhubaneswar, ORISSA""",ORISSA,91 674 6660101,91 674 2360236,lagoon@mayfairhotels.com,www.mayfairhotels.com,5 Star Deluxe,102
122,ISTA Amritsar,"""G.T. Road(Adjoining Alpha One City Centre), Amritsar - 143 001, PUNJAB""",PUNJAB,0183-2708888,"0183-2700186, 270999",sales@istaamritsar.com/reservations.amritsar@istahotels.com,www.istahotels.com,5 Star Deluxe,248
123,Sheraton Rajputana Hotel,"""Palace Road, Jaipur-302006, RAJASTHAN""",RAJASTHAN,1415100100,1415102102,reservations.itcrajputana@itchotels.in,sheratonrajputana@itcwelcomgroup.in,5 Star Deluxe,218
124,The Oberoi Rajvilas,"""Goner Road, Jaipur - 303012, RAJASTHAN""",RAJASTHAN,1412680101,1412680202,reservations@oberoigroup.com,www.oberoihotels.com,5 Star Deluxe,71
125,The Oberoi Udaivilas ,"""Haridas Ji Ki Magri , Udaipur , RAJASTHAN""",RAJASTHAN,2942433300,2942433200,reservations@oberoigroup.com,,5 Star Deluxe,87
126,Country Inn & Suites By Carlson,"""Country Inn & Suites By Carlson (A unit of Shivani Enclaves Pvt.,Khasa Kothi Circle M.I.Road, Jaipur, RAJASTHAN""",RAJASTHAN,2222686,2222193,mail@goyalfashions.net,,5 Star Deluxe,100
127,The Leela Palace Kempinski,"""P.O. Box No. 125Lake Pichola, Udaipur - 313 001, RAJASTHAN""",RAJASTHAN,0294-6701234,0294-6701212,businesscentre@theleela.com,www.theleela.com,5 Star Deluxe,80
128,JAI MAHAL PALACE HOTEL,"""JACOB ROAD,CIVIL LINES, Jaipur, RAJASTHAN""",RAJASTHAN,1416601111,1416601057,jaimahal.jaipur@tajhotels.com,tajhotels.com,5 Star Deluxe,100
129,Mayfair Spa & Resort,"""(Unit of Mayfair Hotels & Resorts (Sikkim) Pvt. Ltd.)Lower Samdur Block, Ranipool - 737135, Gangtok, SIKKIM""",SIKKIM,0359-2250555/666,0359-2251009,gangtok@mayfairhotels.com,,5 Star Deluxe,63
130,Taj Mount Road,"""No. 2Club House Road, Chennai - 600 002, TAMIL NADU""",TAMIL NADU,044-66313131,044-66313030,clubhouse.chennai@tajhotels.com/mountroad.chennai@tajhotels.com,,5 Star Deluxe,220
131,THE PARK ,"""UNIT :APEEJAY -SURRENDRA PARK HOTELS LTD 601, ANNA SALAI , Chennai, TAMIL NADU """,TAMIL NADU,4452144000,4452144100,tpch@theparkhotels.com,,5 Star Deluxe,214
132,Vivanta by Taj - Fishermans Cove,"""Covelong Beach, Kanchipuram Dist. - 603112, TAMIL NADU""",TAMIL NADU,044-67413333,044-67413330,vivanta.fishcove@tajhotels.com,www.vivantabytaj.com,5 Star Deluxe,88
133,Taj Coromandel,"""37Mahatma Gandhi Salai, Nungambakkam, Chennai - 600 034, TAMIL NADU""",TAMIL NADU,044-66002827,044-66002089,coromandel.chennai@tajhotels.com,www.tajhotels.com,5 Star Deluxe,205
134,Le Royal Meridien Chennai,"""(Owned by Appu Hotels Limited)No. 1, G.S.T. Road, St. Thomas Mount, Chennai - 600 016, TAMIL NADU""",TAMIL NADU,"044-22314343, 435345",044-22314344,reservation@leroyalmeridien-chennai.com,,5 Star Deluxe,240
135,ITC The Mughal,"""Fatehabad RoadTajganj, Agra - 282 001, UTTAR PRADESH""",UTTAR PRADESH,0562-4021700,0562-2331730,reservations.itcmughal@itchotels.in,www.itchotels.in,5 Star Deluxe,233
136,Jaypee Greens Golf & Spa Resort,"""A division of Jaiprakash Associates Ltd. G-Block, Surajpur Kasna Road Gautam Budh Nagar, Greater Noida, UTTAR PRADESH""",UTTAR PRADESH,1206743000,1202324720,reservation.jggr@jaypeehotels.com,,5 Star Deluxe,170
137,Vivanta by Taj ,"""Vipin Khand Gomti Nagar , Lucknow , UTTAR PRADESH""",UTTAR PRADESH,522671100,522671166,residency.lucknow@tajhotels.com,,5 Star Deluxe,110
138,Taj Ganges Varanasi,"""Nadesar Palace GraoundsNadesar, Varanasi - 221002, UTTAR PRADESH""",UTTAR PRADESH,0542-2503001/019,0542-2501343,ganges.varanasi@tajhotels.com,www.tajhotels.com,5 Star Deluxe,130
139,Radisson Hotel,"""Taj East Gate Road, Agra - 282 001, UTTAR PRADESH""",UTTAR PRADESH,0562-4055555,0562-4055556,reservations@rdagra.in,www.radisson.com,5 Star Deluxe,140
140,Radisson MBD Hotel,"""Plot No. L-2Sector - 18, Noida - 201 301, UTTAR PRADESH""",UTTAR PRADESH,0120-4300000,0120-4303000,reservations@radissonmbd.com,www.radissonblu.com,5 Star Deluxe,126
141,Holiday Regency,"""Holiday Regency (A Unit of Omsons Holiday Inn Pvt. ltd)Om Enclave, (KM, Delhi Road , NH-24, Moradabad, UTTAR PRADESH""",UTTAR PRADESH,591301235,5913012375,info@holidayregency.com,holidayregency.com,5 Star Deluxe,74
142,Jaypee Residency Manor,"""Barlowganj, Mussoorie, UTTARAKHAND""",UTTARAKHAND,1352631800,1352631022,jrm@jaypeehotels.com,,5 Star Deluxe,90
143,ITC Sonar,"""1, JBS Haldane AvenueOpp. Science City, Kolkata-700046, WEST BENGAL""",WEST BENGAL,033-23004516,033-23004500,reservations.itcsonar@itchotels.in,,5 Star Deluxe,239
144,Hotel Ista Hyderabad,"""Plot No-7, Road No. 2I.T. Park, Nanakramguda, Gachibowali, Hyderabad - 500019, ANDHRA PRADESH""",ANDHRA PRADESH,040-44508888,040-44509999,sales@istahyderabad.com,www.anandaspa.com,5 Star,157
145,Hotel Novotel Hyderabad,"""Novoel & HIVV Complex, Near Hitech City , P.O Bag No-1101, Cyberabad Post Office, Hyderabad, ANDHRA PRADESH""",ANDHRA PRADESH,4066824422,4066844422,H6182-re@accor.com,,5 Star,288
146,Novotel Hyderabad Airport ,"""GMR Hyderabad International Airport Ltd., Rajiv Gandhi International Airport Shamshabad, Ranga Reddy Dist , ANDHRA PRADESH""",ANDHRA PRADESH,4066250000,4066250001,reservations@novotelhyderabadairport.com,,5 Star,305
147,The Gateway Hotel ,"""Beach Road, Visakhapatnam , ANDHRA PRADESH""",ANDHRA PRADESH,8916623670,8912569867,gateway.visakhapatnam@tajhotels.com,,5 Star,95
148,Taj Deccan - Hyderabad,"""Road No.1Banjara Hills, Hyderabad - 34, ANDHRA PRADESH""",ANDHRA PRADESH,4066662323,4066661313,tdhgm.hyd@tajhotels.com,,5 Star,151
149,Leo Meridian Infrastructure,"""Bommaraspet (Village)Shamirpet Mandal, Ranga Reddy District, ANDHRA PRADESH""",ANDHRA PRADESH,4066404455,4066627744,info@lmiphl.com,www.lmiphl.com,5 Star,88
150,Hotel Mountview,"""Sector 10, Chandigarh, CHANDIGARH""",CHANDIGARH,1724671111,1722742220,mountview@citcochandigarh.com,,5 Star,155
151,Hotel Crowne Plaza Today,"""Plot No. 1Community Centre, Phase 1, Okhla, New Delhi - 110 020, DELHI""",DELHI,011-40687700-17,011-41634480,reservations@cpokhla.com,www.crowneplaza.com,5 Star,208
152,Vivanta by Taj Ambassador,"""Sujan Singh ParkCornwallis Road, New Delhi - 110003, DELHI""",DELHI,011-66261000,011-24632252,vivanta.ambassador@tajhotels.com,www.vivantabytaj.com,5 Star,88
153,Fortune Select Regina ,"""376, Off. Fort Aquada Road , Candolim , GOA""",GOA,8323988444,,velu@acronindia.com,,5 Star,102
154,Bogmallo Beach Resort,"""P.O. Bogmallo, Goa - 403806, GOA""",GOA,0832-2538222-13,0832-2538236,bbrtwhl@sancharnet.in,www.bogmallobeachresort.com,5 Star,126
155,DEVAAYA AYURVEDA SPA RESORT ,"""DIWAR, ILHAS ,GOA , GOA""",GOA,83222280500,8322280678,www.alconvictorgroup.com,,5 Star,57
156,Holiday Inn Resort,"""Mobor Beach Cavelossim Salcete,Goa, GOA""",GOA,8322871303,8322871333,,,5 Star,203
157,The Crown Goa,"""(A unit of Vision Enterprises) Bairo Alto Dos Pilotos, Goa, GOA""",GOA,8322400000,8322400010,reservations@thecrowngoa.com,,5 Star,43
158,Hotel Neo Majestic,"""Plot No. 104/1APorvorim, North Goa, GOA""",GOA,0832 2410378,0832 2415715,neomajestic@neomajestic.com,www.neomajestic.com,5 Star,50
159,The Kenilworth Beach Resort & Spa,"""Utorda, Salcete - 403 713, GOA""",GOA,0832-6698888,0832-2754183,kenilworthgoa@kenilworthhotels.com,www.kenilworthhotels.com,5 Star,104
160,Hotel La Calypso Get Aways.,"""Saunta Vaddo, Baga Calangute Road, Calanguta VPBardez Goa, GOA""",GOA,8322275777,8322275815,reservations@lacalypsohotels.com,www.lacalypsohotels.com,5 Star,14
161,"The ""O""","""S. No. 114/1Next to Kingfisher Villa, Condolim, Bardez - 403515, GOA""",GOA,8323047000,8323047009,info@ohotelsindia.com/res.goa@ohotelsindia.com,,5 Star,75
162,Sun-n-Sand Hotel,"""Bairo Alto Dos PilotosJose Falcao Road, Panjim, GOA""",GOA,8322400000,8322400010,resgoa@sunnsandhotel.com,,5 Star,43
163,The Imperial Palace ,"""Dr Yagnik Road , Rajkot , GUJARAT""",GUJARAT,2812480000,2812480009,mail@hotelimperialpalace.biz,,5 Star,80
164,Le Meridien,"""C/o. Associated Hotels Pvt. Ltd. Chand Suraj Estate Near Nehru Bridge, Khanpur, Ahmedabad, GUJARAT""",GUJARAT,7925505505,7925505501,gmoffice.ahmedabad@lemeridien.com,,5 Star,63
165,The Gateway Hotel Ummed,"""International Airport CircleNext to Army Cantonment, Hansol, Ahmedabad - 382 475, GUJARAT""",GUJARAT,079-66661234,079-66664444,gateway.ahmedabad@tajhotels.com,www.thegatewayhotels.com,5 Star,91
166,The Galaxy Hotel,"""NH-8Sector-15, Part-II, Gurgaon - 122001, HARYANA""",HARYANA,0124-4565000,0124-4565151,info@galaxyhotel.in,www.galaxyhotel.in,5 Star,80
167,THE CHANCERY PAVILION,"""ELIXIR ENTERPRISES & HOTELS PVT LTD., NO-135, RESIDENCY ROAD, BANGALORE, KARNATAKA""",KARNATAKA,8041414141,8041414242,gm@chanceryhotels.com,,5 Star,170
168,The Zuri - Whitefield,"""Rajpalya Hoodi - RoadWhitefield, Bengaluru - 560048, KARNATAKA""",KARNATAKA,8066657272,8066657282,reservations@zuribangalore.com,www.thezurihotels.com,5 Star,162
169,Fortune Park J. P. Palace,"""No.-3 Abba RoadNazarabad Mohalla, Mysore, KARNATAKA""",KARNATAKA,8213988444,8213984444,rahul.nama@fortunehotels.in,,5 Star,108
170,Hotel Le Meridien - Bangalore,"""No. 28, Sankey RoadP.B. No. 174, Bangalore - 560052, KARNATAKA""",KARNATAKA,080-22262233/2228282,080-22267676/2226205,reservations.bangalore@lemeridien.com/leme.bangalore@lemeridien.com,www.lemeridien-bangalore.com,5 Star,195
171,Movenpick Hotel & Spa Bangalore,"""115 Pipeline Road near BEL CircleGokula Extension, Bangalore, KARNATAKA""",KARNATAKA,8043001000,8043001010,hotel.bangalore@moevenpick.com,moevenpick-hotel.com,5 Star,262
172,Club Mahindra Lakeview,"""Munner, Chinnakanal VillageVia: Suryanelli, Idukki District - 685618, KERALA""", KERALA,04868-249290-91,04868-249227,gm.munnar@clubmahindra.com,www.clubmahindra.com,5 Star,38
173,The Quilon Beach Hotel,"""Beach Kollam-691001, Kollam, KERALA""", KERALA,4742769999,4742749009,crs@qresorts.in,,5 Star,95
174,The Elephant Court,"""Off Kumily - Thekkady RoadThekkady P.O., Kumily - 685 536, Idukki District, KERALA""", KERALA,"04869-224696,224697,",04869-224238,info@theelephantcourt.com,www.theelephantcourt.com,5 Star,64
175,Turtle On The Beach,"""VPI/43ITDC Road, Kovalam, Trivandrum - 685 527, KERALA""", KERALA,0471-2514000,0471-2514001,info.turtle@thrhotels.com,www.turtleonthebeach.com,5 Star,44
176,Casino Hotel,"""Willingdon Island, Cochin - 682 003, KERALA""", KERALA,0484-2668421-2666821,0484-2668001,casinohotel@cghearth.com,www.cghearth.com,5 Star,67
177,"Trident, Cochin","""Bristow RoadWillingdon Island, Cochin - 682003, KERALA""", KERALA,4843081000,4843081002,reservations@tridenthotels.com,www.tridenthotels.com,5 Star,85
178,The Gateway Hotel -Ernakulam,"""Marine DriveErnakulam, Kochi - 682 011, KERALA""", KERALA,"0484-2371471, 667330","0484-2371481, 667344",gateway.ernakulam@tajhotels.com,www.thegatewayhotels.com,5 Star,108
179,Kadavu Resort & Ayurveda Centre,"""NH-17, Calicut Bye Pass Road, Azhijilam P.O., near Feroke CollegeCalicut - 673632, (A Division of Yenkay complex Pvt. Ltd.), KERALA""", KERALA,"0483-2830023,027,570",0483-2830575,info@kadavuresorts.com,www.kadavuresorts.com,5 Star,72
180,The Muthoot Plaza Hotel,"""Punnen Road, Thiruvananthapuram - 695039, KERALA""", KERALA,0471-2337733,0471-2337734,gmtmp@sarovarhotels.com,www.sarovarhotels.com,5 Star,57
181,Taj Residency - Trivandrum,"""T.C. No. 24/1987 (2)C.V. Raman Pillai Road, Thyeaud, Thiruvananthapuram - 695014, KERALA""", KERALA,0471-6612345,0471-6612121,taj.trivandrum@tajhotels.com,www.tajhotels.com,5 Star,137
182,Hotel Ramada -  Khajuraho,"""(Owned By Jagdish Shanti Hotel Pvt. Ltd.)Airport Road, Khajuraho - 471606, MADHYA PRADESH""",MADHYA PRADESH,07686-272302-03,07686-272304,reservations@ramadahotelkhajuraho.com,www.ramadahotelkhajuraho.com,5 Star,82
183,Radisson Jass Hotel,"""By Pass RoadKhajuraho, Dist Chattarpur, MADHYA PRADESH""",MADHYA PRADESH,07686272344/274461,7686272345,reservations@radissionkhajuraho.com,www.radisson.com,5 Star,90
184,Grand Sarovar Premiere,"""Junction of Veer Savarkar Flyover &S.V. Road, Goregaon (West)-400062, MAHARASHTRA""",MAHARASHTRA,0224215 8000/2871 80,0222871 8001,gm@grandsarovar.com/gsp@sarovarhotels.com,www.grandsarovar.com,5 Star,98
185,Hotel Meluha,"""Building 7, Sector-V, Central Avenue Hiranandani Gardens Powai, Mumbai, MAHARASHTRA""",MAHARASHTRA,2225755555,2225755566,sam@meluhafernhotel.com,,5 Star,141
186,Hotel Tunga Regency Pvt.Ltd. ,"""PLOT NO-37, SECTOR 30-A, VASHI , NAVI MUMBAI , Mumbai , MAHARASHTRA""",MAHARASHTRA,2266801818,2266801800,www.tungahotels.com,,5 Star,92
187,Ramada Plaza Palm Grove,"""Juhu Beach, Mumbai - 400049, MAHARASHTRA""",MAHARASHTRA,022-26112323,022-26113682/2611064,palmgrove@krahejahospitality.com,www.ramadainternational.com,5 Star,115
188,The Shalimar Hotel ,"""August Kranti Marg , Mumbai , MAHARASHTRA""",MAHARASHTRA,2266641000,2266641010,theshalimarhotel@vsnl.com,www.theshalimarhotel.com,5 Star,65
189,THE PRIDE HOTEL ,"""OPP. AIRPORT WARDHA ROAD , Nagpur , MAHARASHTRA""",MAHARASHTRA,7122291102,7122290440,PRIDE_NGP@SANCHARNET.COM,WWW.PRIDEGROUP.NET,5 Star,93
190,Four Points By Sheraton,"""S.No.197/3, Nagar Road,Viman Nagar, Pune, MAHARASHTRA""",MAHARASHTRA,2039406699,2030930930,fo@punefourpoints.com,,5 Star,246
191,Taj Blue Diamond,"""11Koregaon Road, Pune - 411001, MAHARASHTRA""",MAHARASHTRA,020-66025555,020-66027755,sandip.mukherjee@tajhotels.com,www.tajhotels.com,5 Star,110
192,The O Hotel,"""Survey No.371Final Plot No.293, Koregaon, Pune - 411001, MAHARASHTRA""",MAHARASHTRA,020-40011000,020-40011009,info@ohotelsindia.com,www.ohotelsindia.com,5 Star,111
193,Taj Residency - Aurangabad,"""8-N-12CIDCO RAUZA BAGH, Aurangabad, MAHARASHTRA""",MAHARASHTRA,2406613737,2406613939,residency.aurangabad@tajhotels.com,,5 Star,64
194,Hotel Sea Princess ,"""969 Juhu Beach , Mumbai , MAHARASHTRA""",MAHARASHTRA,2226611111,2226611144,seaprincess@vsnl.com,,5 Star,108
195,The Gateway Hotel,"""P-17, MIDC Ambad MumbaiMumbai - Agra Road, Nashik, MAHARASHTRA""",MAHARASHTRA,2535604499,2535603366,residency.nashik@tajhotels.com,tajhotels.com,5 Star,70
196,Hotel Parc Estique,"""Viman NagarNagar Road, Pune - 411014, MAHARASHTRA""",MAHARASHTRA,2041004100,2041004111,cmd@parcestique.com/info@parcestique.com,www.estiquehotels.com,5 Star,116
197,Radisson Windsor Hotel ,"""Windsor Fountain G.T. Road, Near BMC Chowk , Jalandhar , PUNJAB""",PUNJAB,1814671234,815082233,radjal@vsnl.com,,5 Star,62
198,Majestic Park Plaza ,"""P.O. BOX NO 333 BHAI BALA CHOWK, FEROZEPUR ROAD. , Ludhiana , PUNJAB""",PUNJAB,1612773000,1612771888,www.fhraI.com,,5 Star,117
199,Hotel Mansingh,"""Sansar Chandra Road, Jaipur, RAJASTHAN""",RAJASTHAN,"01412378771, 511, 77",1412377582,sales.jpr@mansinghhotels.com,,5 Star,95
200,"Hotel Trident, Jaipur","""Amber Fort RoadOpp. Jal Mahal, Jaipur, RAJASTHAN""",RAJASTHAN,0141-2670101,0141-2670303,reservations@tridenthotels.com,www.tridenthotels.com,5 Star,134
201,Fortune Select Metropolitan - Jaipur,"""Fortune Select Metropolitan, Nehru Sahkar Bhawan,C-Scheme, Bias Godam Circle, Jaipur, RAJASTHAN""",RAJASTHAN,9.11413E+11,9.11413E+11,metropolitan@fortunehotels.in,,5 Star,90
202,Chokhi Dhani,"""The Ethntic Village Resort12 Miles, Via Vatika, Tonk Road, Jaipur - 303905, RAJASTHAN""",RAJASTHAN,0141-2770555-56,0141-2770558,resort@chokhidhani.com,www.chokhidhani.com,5 Star,97
203,Inder Residency,"""(A Unit of Seasons Hotels Pvt. Ltd.)Goverdhan Vilas, Shikarbadi Road, Ekling Nagar, Udaipur - 313 001, RAJASTHAN""",RAJASTHAN,0294-2489888,0294-2488733,seasonshotel@gmail.com,www.inderresidency.in,5 Star,144
204,Denzong Regency,"""Cherry Banks,Development Area, Gangtok, SIKKIM""",SIKKIM,3592201565,35922012568,welcomheritage_denzongregency@hotmail.com,denzongregency.com,5 Star,25
205,The Gateway Hotel Pasumalai Madurai,"""(formerly known as Taj Garden Retreat Madurai)40 T.P.K. Road, Pasumalai, Madurai - 625 004, TAMIL NADU""",TAMIL NADU,0452-6633000,0452-6633081,gateway.madurai@tajhotels.com,www.thegatewayhotels.com,5 Star,63
206,Radisson Hotel GRT,"""G S T Road St Thomas Mount Chennai, Chennai, TAMIL NADU""",TAMIL NADU,4422310101,4422310202,reservations@radissongrt.com,,5 Star,101
207,Trident - Chennai,"""1/24, GST RoadMeenambakkam, TAMIL NADU""",TAMIL NADU,044-22344747,044-22346699,reservations@tridenthotels.com,www.tridenthotels.com,5 Star,167
208,Hotel Clarks Shiraz,"""54Taj Road, Agra - 282001, UTTAR PRADESH""",UTTAR PRADESH,0562-2226121-27,0562-2226128,info@hotelclarksshiraz.com/resv@hotelclarks.in,www.hotelclarksshiraz.com,5 Star,237
209,Hotel Trident - Agra,"""Fatehabad Road, Agra, UTTAR PRADESH""",UTTAR PRADESH,5622235000,5622231812,reservations@tridenthotels.com,,5 Star,138
210,Country Inn & Suites by Carlson.,"""64/6, Site - IVSahibabad, (Distt. Ghaziabad) - 201 010, UTTAR PRADESH""",UTTAR PRADESH,0120-4180000,0120-4180088,info@cissahibabad.in,www.countryinns.com,5 Star,216
211,Radisson Hotel Varanasi,"""The Mall Cantonment, Varanasi Uttar Pradesh, Varanasi, UTTAR PRADESH""",UTTAR PRADESH,5422501515,5422501516,reservations@radissonvns.com,,5 Star,116
212,"The Gateway Hotel, Agra","""Taj GanjFatehabad Road, Agra - 282001, UTTAR PRADESH""",UTTAR PRADESH,5626602000,5622232420,tajview.agra@tajhotels.com/gateway.agra@tajhotels.com,www.tajhotels.com,5 Star,100
213,Hotel Hindusthan International,"""235/1A.J.C. Bose Road, Kolkata - 700020, WEST BENGAL""",WEST BENGAL,033-40018000-4001808,033-22800111,reservation@hindusthan.com,www.hhihotels.com,5 Star,184
214,Swissotel Kolkata Neotia Vista,"""M/s Swissotel Kolkata Neotia Vista City Center New Town Action Area 2/DPlot No. 11/5 New Town Rajarhat, Kolkata, WEST BENGAL""",WEST BENGAL,9.13366E+11,,subrata.sarkar@swissotel.com,www.swissotel.com,5 Star,147
215,The Golkonda,"""(A Unit of Golkonda Hospitality Services & REsorts Ltd.) 10-1-124Masab Tank, Hyderabad, ANDHRA PRADESH""",ANDHRA PRADESH,8246660420,8246660585,gateway.mangalore@tajhotels.com,,4 Star,94
216,Palm Beach Hotel,"""Beach Road, Visakhapatnam - 530 023, ANDHRA PRADESH""",ANDHRA PRADESH,0891-2754026/27,0891-2731036,info@palmbeachhotel.in,www.palmbeachhotel.in,4 Star,44
217,QUALITY INN DV MANOR,"""40-1-47, M.G.ROADVENKATESHWARA PURAM, Vijayawada, ANDHRA PRADESH""",ANDHRA PRADESH,866474455,866483170,info@hoteldvmanor.com,,4 Star,115
218,Best Western Amrutha Castle,"""5-9-16, SaifabadOpp. Secretariat, Hyderabad - 500063, ANDHRA PRADESH""",ANDHRA PRADESH,040-66633888,040-66828222,info@bestwesternamruthacastle.com,www.bestwesternamruthacastle.com,4 Star,90
219,Hotel Green Park,"""(A Division of Diana Hotels Ltd.)7-1-26, Greenlands, Begumpet, Hyderabad - 500016, ANDHRA PRADESH""",ANDHRA PRADESH,040-66515151,4023757677,hyd@hotelgreenpark.com,hotelgreenpark.com,4 Star,149
220,Hotel Raj Mahal,"""A.T. RoadPaltan Bazar, Guwahati - 781001, ASSAM""",ASSAM,0361-2549141,0361-2639282,info@hotelrajmahal.in/hotelrajmahal@vsnl.net,www.hotelrajmahal.in,4 Star,71
221,Hotel Natraj,"""H.S. Road, Dibrugarh - 786001, ASSAM""",ASSAM,0373-2327275,0373-2321375,hotelnatraj09@gmail.com,,4 Star,20
222,Hotel The Royal Plaza,"""(A Unit of Hotel Queen Road Pvt. Ltd.)19, Ashoka Road, New Delhi-110001, DELHI""",DELHI,1143555555,1143555556,reservations@hoteltheroyalplaza.com/info@hoteltheroyalplaza.com,www.hoteltheroyalplaza.com,4 Star,419
223,Hotel City Park,"""3/4, K/P BLOCK PITAMPURA, New Delhi, DELHI""",DELHI,1125468230,1127310110,hotelcitypark@vsnl.net,,4 Star,58
224,Hotel Diplomat,"""9, Sardar Patel MargDiplomatic Enclave, New Delhi, DELHI""",DELHI,1123010204,1123018605,,,4 Star,25
225,Maidens Hotel,"""7Sham Nath Marg, New Delhi - 110054, DELHI""",DELHI,011-23975464,011-23980771,reservations@oberoigroup.com,www.maidenshotel.com,4 Star,55
226,The Connaught,"""37Shaheed Bhagat Singh Marg, New Delhi - 110001, DELHI""",DELHI,011-23364225,011-23340757,theconnaughtnewdelhi@yahoo.com,www.theconnaughtnewdelhi.com,4 Star,79
227,Hotel Vikram,"""Ring Road, Lajpat Nagar, New Delhi, DELHI""",DELHI,1146515151,1146515152,info@hotelvikram.com,,4 Star,68
228,Lazylagoon Sarovar Portico Suites,"""(Unit of Aqua Resorts & Spa Pvt. Ltd.)Baga - Arpora, Bardez - 403518, GOA""",GOA,0832-2281520,0832-2281527,gmgpo@sarovarhotels.com,www.sarovarhotels.com,4 Star,39
229,Sun Village Resort,"""SaquawadiBaga-Arpora Bardez, GOA""",GOA,8322279409,8322279415,sun-village@desouzahotels.com,,4 Star,135
230,WHISPERING PALMS BEACH RESORT,"""SINQUERIM BEACH, WADDICANDOLIM, BARDEZ-GOA, GOA""",GOA,4712485766,4712481578,info@whisperingpalms.com,,4 Star,197
231,The Metropole Hotel,"""(Unit of Majestic Projects Pvt. Ltd.)Near R.T.O. Circle, Subhash Bridge Corner, Ahmedabad - 380027, """,GUJARAT,079-30130200,079-30130208,info@themetropolehotel.co.in,www.themetropolehotel.co.in,4 Star,70
232,Hotel Fortune Palace,"""Near Digjam CircleAirport Road, Jamnagar - 361 008, GUJARAT""",GUJARAT,0288-2720291,0288-2720296,hotelfortunepalace@yahoo.com,www.hotelfortunepalace.in,4 Star,45
233,Fortune Inn Haveli,"""Plot No. 235,Sector - 11, Gandhinagar, GUJARAT""",GUJARAT,7939884422,7939842121,haveli@fortunehotels.in,www.fortunehotels.in,4 Star,84
234,Hotel The Grand Bhagwati,"""Opp. GurudwaraBodakdev, S.G. Highway, Ahmedabad - 380 054, GUJARAT""",GUJARAT,7926841000,7926840915,info@thegrandbhagwati.com,www.thegrandbhagwati.com,4 Star,37
235,Optus Sarovar Premiere Hotel,"""SCO 43-47Sector - 28, City Centre, Gurgaon - 122002, """,HARYANA,0124-4887777,0124-4887788,spg@sarovarhotels.com,www.sarovarhotels.com,4 Star,80
236,Park Premier,"""359-357Sector - 29, Gurgaon - 122 001, HARYANA""",HARYANA,0124-4604600,0124-4604666,info@parkpremierhotels.com,www.parkpremierhotels.com,4 Star,94
237,The Bella Vista,"""SM 8, City Centre,Sector 5, Panchkula, HARYANA""",HARYANA,1725064848,1725023802,sales@bellavista.in,,4 Star,49
238,Fortune Select Global,"""2nd Floor, Global ArcadeM.G. Road, Gurgaon, HARYANA""",HARYANA,0124-4196666,0124-4062388,global@fortunehotels.in,www.fortunehotelsin,4 Star,83
239,Courtyard By Marriott,"""Plot No. 27 BSector Road, Sushant Lok - 1, Sector - 27, Gurgaon - 122 002, HARYANA""",HARYANA,0124-4888444,0124-4888222,www.courtyardmarriottgurgaon.com,,4 Star,198
240,Fortune Park J.P.Celestial,"""No 5/43, Seshadri RoadNear Race Course Road, Bangalore-09, KARNATAKA""",KARNATAKA,8040441234,8041476060,jpcelestial@fortunehotels.in,www.fortunehotels.in,4 Star,130
241,The Gatwway Hotel - Chikmagalur,"""KM RoadJyothi Nagar, Chikmagalur - 577102, KARNATAKA""",KARNATAKA,08262-660660-61,08262-660666,gateway.chikmagalur@tajhotels.com,www.thegatewayhotels.com,4 Star,29
242,Raj Residency,"""Near New bus standAlamipally, Kanhangad, KERALA""",KERALA,4672208444,4672217294,rajgrouphotels@gmail.com,rajgrouphotels.com,4 Star,198
243,Hotel Maurya Rajadhani,"""Stat GL,Hospital Road Statue, Trivandrum, KERALA""",KERALA,4712472299,4712472299,maurya@rajadhanihotels.com,,4 Star,39
244,Keys Hotels,"""Sy. No. 2863/1Opp. Fire & Rescue Services Housing Board junction, Trivandrum, KERALA""",KERALA,4713944100,4713983800,reservations.thiruvananthapuram@keyshotels.com,keyshotels.com,4 Star,101
245,Hotel Blue Nile,"""S.N. Park Road, Kannur - 670 001, KERALA""",KERALA,"0497-2760077, 276478",0497-2768844,mail@hotelbluenile.com,www.hotelbluenile.com,4 Star,39
246,Hotel Amruthaa International,"""No. CC 41/2884St. Benedict Road, Ernakulam, Kochi - 682 018, KERALA""",KERALA,0484-2398222-4192222,0484-4050551,amruthaainternational@gmail.com,,4 Star,26
247,Fragrant Nature Retreat and Resort Pvt. Ltd.,"""Building No. CPI/07-20A,Nedungolam P.O., Paravur, Kollam, KERALA""",KERALA,4742514000,4742518021,enquiries@fragrantnature.com,www.fragrantnature.com,4 Star,18
248,Hotel Presidency,"""Paramara Road Ernakulam Town, Kochi, KERALA""",KERALA,4842394300,4842393222,presid@vsnl.com,,4 Star,49
249,Hotel Raj Regency,"""Chelakkara road,Pazhayannur, Thrissur, KERALA""",KERALA,4884226877,4884666977,rajregencypnr@gmail.com,,4 Star,10
250,ATS Residency,"""Yakkara Branch RoadNear D.P Office, Palakkad, KERALA""",KERALA,4912537477,4912523182,info@atshotels.com,atsresidency.com,4 Star,20
251,The Royale Gardens,"""Nangiarkulangara P.O.Haripad - Alleppey District, Kerala - 690513, KERALA""",KERALA,0479-2404000,0479-2404999,info@theroyalegardens.com,www.theroyalegardens.com,4 Star,34
252,Hotel Srivatsa Regency,"""Pittupeedika, Main Road,Koduvayur, Palakkad, KERALA""",KERALA,4923251119,4923254119,hotelsrivatsaregency@gmail.com,www.hotelsrivatsaregency.com,4 Star,12
253,Hotel Hills Park,"""Kumbazha Road,Pathanamthitta,District, Kerala, KERALA""",KERALA,4682226262,,hotelhillspark@gmail.com,,4 Star,15
254,Neelamabari Suite,"""Villanchira,Thalakkodu P.O.Neriyamangalam, Ernakulam, KERALA""",KERALA,4852555123,4852555133,infor@neelabarisuite.com,neelabarisuite.com,4 Star,22
255,Excalibur Hotels & Resorts,"""Carithas Junction,MC Road,Thellakon, Kottayam, KERALA""",KERALA,4812791781,4812711784,hotel.excalibur@gmail.com,www.excalibur.in,4 Star,20
256,Raj Residency,"""Near New bus standAlamipally, Kanhangad, KERALA""",KERALA,4672208444,4672217294,rajgrouphotels@gmail.com,rajgrouphotels.com,4 Star,198
257,Muthoot Cardamom County Resort,"""Kumily (PO)Thekkady, Idukki (Dist.) - 685536, KERALA""",KERALA,04869-224501,04869-222869/222807,reservations@muthoothotels.com,www.raxacollective.com,4 Star,44
258,Hotel White Dammar International,"""Pappanamcode, Trivandrum - 695 018, KERALA""",KERALA,4712496601,4712496602,whitedammar@gmail.com,hotelwhitedammar@gmail.com,4 Star,12
259,Hotel SP Grand Days,"""Panavila JnThycaud P.O., Thiruvananthapuram - 695014, KERALA""",KERALA,0471-2333344,0471-2321000,mail@spgranddays.com,www.spgranddays.com,4 Star,69
260,Hotel Peninsula Park Residency,"""Motel and Resorts Pvt. Ltd.Parakode, Adoor, Pathanamthitta Dist., KERALA""",KERALA,4734243435,4734243345,parkresidency.park@gmail.com,,4 Star,20
261,Hotel Indraprastha,"""Pattazhi P.O.Pathanapuram, Kollam Dist.-691522, KERALA""",KERALA,"04752039600,2397888-",4752397889,indraprasthapattazhi@yahoo.com,,4 Star,14
262,Hotel Mangala Towers,"""Paliyam RoadNear Bus Stand, Thrissur - 680001, KERALA""",KERALA,04872327461/2/3,4872325365,mangalatowers@gmail.com,www.hotelmangalatowers.com,4 Star,24
263,Hotel Soorya Regency,"""Calicut By-Pass RoadKavungal, Malappuram - 676505, KERALA""",KERALA,0483-2735674-76,0483-2735677,sooryaregency@gmail.com,www.sooryaregency.com,4 Star,13
264,Hotel Moonlit Regency,"""4, Lane JunctionVengallor Muvatupuzha Road, Thodupuzha Idukki District-685584, KERALA""",KERALA,04862-229936/229937,04862-229938,info@moonlitregency.com/hotelmoonlit@ymail.com,,4 Star,22
265,Hotel Sky Pearl,"""Chovva, Kannur - 670006, KERALA""",KERALA,0479-5265060,0479-2786443,hotelskypearl@gmail.com,,4 Star,28
266,The Royal Fort,"""Hospital JunctionKundara P.O., Kollam Dist. - 691501, KERALA""",KERALA,0474-2520001-02-03,0474-2520004,info@theroyalfort.com,www.theroyalfort.com,4 Star,12
267,Hotel Soorya Galaxy,"""(A Unit of Sreebala Divelopers & Hotel Pvt. Ltd.)13/158 A, Calicut Road, Cheruvannur, P.O. Feroke, Calicut - 673731, KERALA""",KERALA,0495-2485150/2485240,0495-2455330,sooryagalaxy@gmail.com,,4 Star,12
268,Cochin Seaport Hotel,"""Thekken MalipuramVypin, Cochin - 682 508, KERALA""",KERALA,9846032737,0484-2503757,seaporthotels@gmail.com,www.cochinseaporthotel.com,4 Star,25
269,The Avenue Regent,"""39/2026,M.G. Road, Kochi, KERALA""",KERALA,4842377977,484237529,avenueregent@avenuehotels.in,,4 Star,55
270,Spice Village,"""Thekkady - Kumily Road, Thekkady - 685536, KERALA""",KERALA,04869-224514,04869-222317,spicevillage@cghearth.com,www.cghearth.com,4 Star,52
271,Hotel Midhila Regency,"""Midhila Regncy Cherplassery Hotels Pvt.Ltd.Pattambi road, Cherpulassery Palakkad Dist., kerala, KERALA""",KERALA,,,maltidutta50@yahoo.com,,4 Star,10
272,Hotel Soorya Swagat,"""Pudussery EastPalakkad, Walayar, KERALA""",KERALA,4912863100,4912863103,www.sooryaswagath.in,,4 Star,14
273,The Hotel Elegance,"""Karuvanchal POThalimapram, Kannur, KERALA""",KERALA,4602247400,460247400,maltidutta50@yahoo.com,,4 Star,13
274,K R Grand Residency,"""Parayil Market RoadKunnamkulam, Thrissur, KERALA""",KERALA,4885211563,,maltidutta50@yahoo.com,,4 Star,14
275,Hotel Dona Castle,"""(Unit of Sunny Jacob Builders & Developers Pvt. Ltd.)Kottamukku, Kollam, KERALA""",KERALA,4742766669,4742760099,donacastle@gmail.com,www.hoteldonacastle.com,4 Star,31
276,Hotel Fairmont,"""S.H. Mount,M.C. Road, Kottayam, KERALA""",KERALA,4812569256,4812569246,info@hotelfairmont.in,www.hotelfairmont.in,4 Star,30
277,Hotel Anandha Inn Pvt. Ltd.,"""NO-154S.V PATEL ROAD, PONDICHERRY, KERALA""",KERALA,4132233000,4132331241,checkin@anandhainn.com,www.anandhainn.com,4 Star,70
278,Niya Regency,"""Elthuruth Junction,Chettupuzha P.O., Thrissur, KERALA""",KERALA,4872363667,4872363667,niyaregency@gmail.com,www.niyaregency.com,4 Star,20
279,The South Park,"""(Unit of Kerala Hotels Pvt. Ltd.)M.G. Road, Trivandrum - 695 034, KERALA""",KERALA,"0471-2333333, 324233",0471-2331861,reservations@thesouthpark.com,www.thesouthpark.com,4 Star,82
280,Uday Samudra Leisure Beach Hotel,"""G.V.Raja Road,Samudra Beach Kovalam, Trivandrum, KERALA""",KERALA,1246563228,1246563174,toshali@nde.vsnal.net.in,www.toshalinet.com,4 Star,50
281,SEASONS SERVICE APARTMENTS,"""S. NO-128/2/3/6/7/2/2/128/A1,SANEWADI AUNDH, PUNE, Malad, MAHARASHTRA""",MAHARASHTRA,2040009999,2040009888,info@seasonsaundh.com,,4 Star,46
282,HOTEL BAWA INTERNATIONAL,"""NEHRU ROAD EXTN.NEAR DOMESTIC AIRPORT VILE PARLE (E), Mumbai, MAHARASHTRA""",MAHARASHTRA,2226113636,2226107096,mail.bawaintl@vsnl.com,,4 Star,76
283,Hotel Courtyard By Marriott,"""International Airport,CTS No. 215, Andheri Kurla Road, Andheri (East), Mumbai, MAHARASHTRA""",MAHARASHTRA,2261479922,2261479944,reservations.mumbai@courtyard.com,,4 Star,282
284,Hotel Midtown Pritam,"""DharamputraPritam Estate Dr.Ambedkar Road, Dadar T.T, Mumbai-400014, MAHARASHTRA""",MAHARASHTRA,022-24145555/6580663,022-24143388,reservations@pritamhotels.com,www.pritamhotels.com,4 Star,60
285,Hotel Trident,"""C-56, G-Block,Bandra Kurla Complex, Mumbai, MAHARASHTRA""",MAHARASHTRA,2266727777,2266727788,reservations@tridenthotels.com,tridenthotels.com,4 Star,436
286,Hotel Tunga Regale,"""Plot No. 31, Phase IIMIDC, Central Road, Andheri (East), Mumbai - 400093, MAHARASHTRA""",MAHARASHTRA,022-66726672,022-66726666,regale@tungahotels.com,www.tungahotels.com,4 Star,54
287,Ramee Guestline Hotel,"""Plot No. 3Kohinoor Road, Dadar (East), Mumbai - 400014, MAHARASHTRA""",MAHARASHTRA,022-24177900/2411565,022-24127503,mumbai.dadar@rameeguestlinehotels.com,www.ramee-group.com,4 Star,58
288,"K. Raheja Corp. Pvt. Ltd. ""The Resort""","""11,Aksa Beach,Malad (West), Mumbai - 400 095, MAHARASHTRA""",MAHARASHTRA,022-28447777,022-28804444 - 28818,resv@theresortmumbai.com/the_resort@vsnl.com,,4 Star,94
289,Hotel Sagar Plaza,"""1Bund Garden Road, Pune - 411001, MAHARASHTRA""",MAHARASHTRA,020-26205000,020-26122633,reservations@hotelsagarplaza.com/info@hotelsagarplaza.com,www.hotelsagarplaza.com,4 Star,76
290,The Central Park Hotel,"""Bund Garden RoadNear Council Hall, Pune - 411 001, MAHARASHTRA""",MAHARASHTRA,022-66641000,022-66641010,reservations@thecentralparkhotel.com,www.thecentralparkhotel.com,4 Star,74
291,Holiday Inn Mumbai International Airport,"""721/1,721/A,721/B of Mohali VillageAndhri Kurla Road, Sakinaka junction, Mumbai, MAHARASHTRA""",MAHARASHTRA,2240851800,2240851828,maltidutta50@yahoo.com,,4 Star,225
292,The Emerald,"""(Hotel & Executive Apartment)Mumbai Next to Juhu Tara Road, Opp. Hotel Sea Princess, B.R. Chopra's Bungalow, Santacruz (West), Mumbai-400049, MAHARASHTRA""",MAHARASHTRA,022-67144000,022-67144005,info@theemerald.com,www.theemerald.com,4 Star,56
293,Hotel Polo Tower,"""Oakland RoadPolo Grounds, Shillong - 793001, MEGHALAYA""",MEGHALAYA,0364-2222341-42,0364-2220090,hptfo@rediffmail.com,www.hotelpolotowers.com,4 Star,50
294,M.K.HOTEL,"""DISTRICT SHOPPING CENTRE,RANJIT AVENUE, Amritsar, PUNJAB""",PUNJAB,1832504610,1832507910,MKHOTEL123@SANCHARNET.IN,www.mkhotel.com,4 Star,75
295,THE MAYA HOTEL (Maya Inns Ltd.),"""JALANDHAR CITYEH-178,CIVIL LINES,NEAR BMC CROSSIN, JALANDHAR CITY-144001, PUNJAB""",PUNJAB,0181 4688700/22,1812452301,mayajal@mayahotels.in,http://www.mayahotels.in,4 Star,53
296,Hotel Ritz Plaza,"""45The Mall, Amritsar - 143001, PUNJAB""",PUNJAB,0183-2562836-39,0183-2226657,ritzhotel@vsnl.com/info@ritzhotel.in,www.titzhotel.in,4 Star,41
297,"Country In & Suites, Ajmer","""Ansal's Sushant City, Village Gegalkishangarh-Ajmer Road, Ajmer, RAJASTHAN""",RAJASTHAN,1456623456,1456623466,maltidutta50@yahoo.com,,4 Star,71
298,The Royal Plaza,"""Shyari - GangtokEast sikkim, Gangtok -737102, SIKKIM""",SIKKIM,03592-280232,03592-281112,trp@sarovarhotels.com,www.theroyalplazahotel.com,4 Star,58
299,The Residency Towers,"""Sir Thyagaraya RoadT. Nagar, Chennai - 600 017, TAMIL NADU""",TAMIL NADU,044-28156363,044-28156969,restowers@vsnl.net,www.theresidency.com,4 Star,174
300,Hotel Sangam ,"""Collectors Office Road , Tiruchirapalli , TAMIL NADU""",TAMIL NADU,4312414700,431241779,hotelsangam@vsnl.com,www.hotelsangam.com,4 Star,76
301,Quality Inn Sabari,"""29,Thirumalai Pillai RoadT. Nagar, Chennai, TAMIL NADU""",TAMIL NADU,4428343030,4428345868,sabariinn@sabarihotels.com,,4 Star,72
302,The Savera Hotel,"""No. 146, Dr. Radhakrishnan SalaiMylapore, Chennai - 600 004, TAMIL NADU""",TAMIL NADU,044 -28114700,044 -28113475,hotsave@md2.vsnl.net.in,www.saverahotel.com,4 Star,230
303,Hotel Raj Park (P) Ltd.,"""180, T.T.K. Road Alwarpet,Chennai - 600018, TAMIL NADU""",TAMIL NADU,044-42257777,044-24990749,reservation@rajparkchennai.com,www.rajpark.com,4 Star,89
304,Fortune Inn Grazia,"""(Unit of Angel Baby Products Pvt. Ltd) Plot NO.1 A, Block - 1Sector - 27 Noida, UTTAR PRADESH""",UTTAR PRADESH,1203988444,1203380144,gm.roc.nm@royalorchidhotels.com,royalorchidhotels.com,4 Star,42
305,Country Inn & Suites by Carlson - Haridwar,"""( Unit of Sens Udyog Pvt. Ltd.)Haripurkalan, Raiwala, Motichur, Haridwar - Rishikesh Highway, Haridwar, Dist. Dehradun - 249205, UTTARAKHAND""",UTTARAKHAND,0135-2485900,0135-2485901,reservations@cisharidwar.com,,4 Star,56
306,The Peerless Inn,"""12J. L. Nehru Road, Kolkata - 700 013, WEST BENGAL""",WEST BENGAL,033-44003900,033-22281270,pik@sarovarhotels.com,www.peerlesshotels.com,4 Star,122
